{"loss": 1.8998198925146426e-07, "eps": 2.0228477974693818e-19, "avg_reward": NaN, "_timestamp": 1683272024.2397547, "_runtime": 957.911182641983, "_step": 2152210, "_wandb": {"runtime": 956}}