{"loss": 0.005024209152907133, "eps": 0.9900128262839137, "avg_reward": NaN, "_timestamp": 1683510753.7128465, "_runtime": 908.0147705078125, "_step": 501870, "_wandb": {"runtime": 906}}