{"loss": 0.004137074574828148, "eps": 0.004230163410550926, "avg_reward": NaN, "_timestamp": 1683508344.167722, "_runtime": 435.07989597320557, "_step": 273274, "_wandb": {"runtime": 433}}