{"loss": -1.7020524740219116, "eps": 0.0004002031616579908, "avg_reward": 50.04341859014348, "_timestamp": 1683255276.0805671, "_runtime": 658.18790102005, "_step": 391174, "_wandb": {"runtime": 657}}