{"loss": 0.0020136432722210884, "eps": 0.07407878971267004, "avg_reward": 0.0, "_timestamp": 1683508666.485135, "_runtime": 132.41662001609802, "_step": 130131, "_wandb": {"runtime": 131}}