{"loss": 0.0004042537184432149, "eps": 0.05431965598929178, "avg_reward": 29.69133918351774, "_timestamp": 1683265811.885945, "_runtime": 218.57642817497253, "_step": 145643, "_wandb": {"runtime": 217}}