{"loss": 5.014631460653618e-05, "eps": 0.993992306292865, "avg_reward": NaN, "_timestamp": 1683548468.0194237, "_runtime": 40.78197264671326, "_step": 1453, "_wandb": {"runtime": 36}}