{"loss": 7.318622152752141e-08, "eps": 4.879554203265639e-08, "avg_reward": NaN, "_timestamp": 1683519194.6096663, "_runtime": 8372.369456291199, "_step": 3741243, "_wandb": {"runtime": 8371}}