{"loss": 0.010016538202762604, "eps": 2.3813012359055074e-05, "avg_reward": NaN, "_timestamp": 1683546272.8690157, "_runtime": 13312.652285575867, "_step": 2565123, "_wandb": {"runtime": 13312}}