{"loss": 0.0022581135854125023, "eps": 0.025090089612981772, "avg_reward": 2.0, "_timestamp": 1683593509.8520007, "_runtime": 15263.611210823059, "_step": 888019, "_wandb": {"runtime": 15264}}