{"loss": 2.028010129928589, "eps": 0.6605655776554848, "avg_reward": 1.0, "_timestamp": 1683531192.648551, "_runtime": 341.7463240623474, "_step": 67425, "_wandb": {"runtime": 342}}