{"loss": 4.8714726290199906e-05, "eps": 0.9481637965815054, "avg_reward": 0.0, "_timestamp": 1683548651.7394087, "_runtime": 122.23272061347961, "_step": 12827, "_wandb": {"runtime": 120}}