{"loss": 11.592414855957031, "eps": 0.3023269012720402, "avg_reward": 20.21064678569093, "_timestamp": 1683255912.2408373, "_runtime": 517.166998386383, "_step": 299062, "_wandb": {"runtime": 515}}