{"loss": 1.8895949324360117e-05, "eps": 1.3843329406029935e-17, "avg_reward": 120.44504816003952, "_timestamp": 1683265425.5966198, "_runtime": 2737.4858388900757, "_step": 1940918, "_wandb": {"runtime": 2735}}