{"loss": -0.8134827017784119, "_timestamp": 1683253528.1803193, "_runtime": 269.5494863986969, "_step": 194931, "_wandb": {"runtime": 268}}