{"loss": 1.7524151189718395e-05, "eps": 0.0031887076254206496, "avg_reward": NaN, "_timestamp": 1683547369.9519508, "_runtime": 12296.710798740387, "_step": 1385092, "_wandb": {"runtime": 12294}}