{"loss": 6.851289072073996e-05, "eps": 4.517877260146268e-06, "avg_reward": NaN, "_timestamp": 1683489975.263339, "_runtime": 28568.69211602211, "_step": 6153729, "_wandb": {"runtime": 28567}}