{"loss": 6.279686203924939e-05, "eps": 1.0917924476936174e-75, "avg_reward": 44.93338481338481, "_timestamp": 1683257138.5541465, "_runtime": 1055.5254604816437, "_step": 862945, "_wandb": {"runtime": 1054}}