{"loss": 0.0010062620276585221, "eps": 7.246003966583265e-05, "avg_reward": NaN, "_timestamp": 1683509774.6343346, "_runtime": 1079.532149553299, "_step": 476620, "_wandb": {"runtime": 1078}}