{"loss": 1.7198577552335337e-05, "eps": 2.947116824541356e-08, "avg_reward": 130.0, "_timestamp": 1683267189.4330442, "_runtime": 1365.7098741531372, "_step": 866985, "_wandb": {"runtime": 1364}}