{"loss": 0.0261111781001091, "eps": 0.0022787008505075357, "avg_reward": NaN, "_timestamp": 1683529811.3028634, "_runtime": 3082.778837442398, "_step": 850928}