{"loss": 0.013284840621054173, "eps": 0.0034004467132264663, "avg_reward": NaN, "_timestamp": 1683529534.3386817, "_runtime": 2805.8146557807922, "_step": 794942}