{"loss": 0.0009606857784092426, "eps": 0.001590733361058787, "avg_reward": NaN, "_timestamp": 1683530048.3763783, "_runtime": 3319.8523523807526, "_step": 901195}