{"loss": 1.2982524633407593, "eps": 0.7430456754698552, "avg_reward": 1.0, "_timestamp": 1683526849.1894813, "_runtime": 120.66545534133911, "_step": 41539}