{"loss": 0.6874843239784241, "eps": 0.0008127936154075573, "avg_reward": NaN, "_timestamp": 1683530585.3124895, "_runtime": 3856.7884635925293, "_step": 995107, "_wandb": {"runtime": 3851}}