{"loss": 0.03204793855547905, "eps": 0.024841124318326538, "avg_reward": 5.0, "_timestamp": 1683528168.8074818, "_runtime": 1440.2834558486938, "_step": 516818}