{"loss": 0.0003641619114205241, "eps": 0.004716348034973431, "avg_reward": NaN, "_timestamp": 1683529336.199001, "_runtime": 2607.674975156784, "_step": 749190}