{"loss": 0.007977070286870003, "eps": 0.9828772506003008, "avg_reward": 1.0, "_timestamp": 1683519236.5176678, "_runtime": 20.814509868621826, "_step": 3839, "_wandb": {"runtime": 19}}