{"loss": 0.004260677844285965, "eps": 0.2115718709475143, "avg_reward": 2.0, "_timestamp": 1683561274.46447, "_runtime": 3106.2845528125763, "_step": 374263, "_wandb": {"runtime": 3106}}