{"loss": 3.378136534593068e-05, "eps": 0.5139377749684784, "avg_reward": NaN, "_timestamp": 1683550994.1094818, "_runtime": 1538.0347828865051, "_step": 160399, "_wandb": {"runtime": 1537}}