{"loss": 0.0001790891110431403, "eps": 0.9908662989521204, "avg_reward": NaN, "_timestamp": 1683549529.7402456, "_runtime": 73.66554665565491, "_step": 2212}