{"loss": 3.4079286706401035e-05, "eps": 0.9299995277924619, "avg_reward": NaN, "_timestamp": 1683549615.5050836, "_runtime": 159.4303846359253, "_step": 17488}