{"loss": 0.000124370155390352, "eps": 2.6726924362625698e-08, "avg_reward": 28.257142857142856, "_timestamp": 1683270447.0758536, "_runtime": 513.6247556209564, "_step": 871872, "_wandb": {"runtime": 505}}