{"loss": 0.00013289530761539936, "eps": 0.0020803861525621184, "avg_reward": NaN, "_timestamp": 1683269753.1400084, "_runtime": 240.60187554359436, "_step": 308758, "_wandb": {"runtime": 237}}