{"loss": 1.1657088994979858, "eps": 0.9919524753074512, "avg_reward": 22.627450980392158, "_timestamp": 1683254340.7795925, "_runtime": 1.699617624282837, "_step": 405, "_wandb": {"runtime": 0}}