{"loss": 0.34331458806991577, "_timestamp": 1683253840.0394027, "_runtime": 155.46328973770142, "_step": 196749, "_wandb": {"runtime": 154}}