{"loss": 0.24262861907482147, "eps": 0.996169351885387, "avg_reward": 0.0, "_timestamp": 1683461126.7103193, "_runtime": 13.85206127166748, "_step": 1920, "_wandb": {"runtime": 260}}