{"loss": 3.0086473998380825e-05, "eps": 0.7912565183446348, "avg_reward": NaN, "_timestamp": 1683526388.3336456, "_runtime": 6149.476636648178, "_step": 1560888, "_wandb": {"runtime": 6148}}