{"loss": 1.0171974897384644, "eps": 0.9919524753074512, "avg_reward": 22.79385964912281, "_timestamp": 1683254436.3092415, "_runtime": 1.8849854469299316, "_step": 405, "_wandb": {"runtime": 0}}