{"loss": 0.15994445979595184, "eps": 0.9959681095835605, "avg_reward": 27.0, "_timestamp": 1683269401.9507163, "_runtime": 3.838088274002075, "_step": 203, "_wandb": {"runtime": 2}}