{"loss": 0.0014340420020744205, "eps": 0.0762677018410742, "avg_reward": 19.60846186500637, "_timestamp": 1683262675.0222976, "_runtime": 176.48226857185364, "_step": 128675, "_wandb": {"runtime": 175}}