{"loss": 0.011643335223197937, "eps": 0.9975789330975545, "avg_reward": NaN, "_timestamp": 1683460983.4301002, "_runtime": 13.50565218925476, "_step": 1213, "_wandb": {"runtime": 12}}