{"loss": 1.059665560722351, "eps": 0.997982018667451, "avg_reward": 21.711206896551722, "_timestamp": 1683254533.2599766, "_runtime": 1.5129215717315674, "_step": 102, "_wandb": {"runtime": 0}}